de,en,type,example,example_en
Alter,"age, old man",other,Mein Alter ist 25 Jahre.,My age is 25 years.
Ausschank,"tavern, alcoholic drink",other,Im Ausschank gibt es Bier.,There is beer in the tavern.
Bonbon,"sweet, candy",other,Das Kind isst ein Bonbon.,The child is eating a sweet.
Das Angebot,"offer, supply",noun,Das Angebot ist gültig.,The offer is valid.
Das Anrecht,"right, claim",noun,Ich habe ein Anrecht auf Urlaub.,I have a right to vacation.
Das Auge,"eye, pip",noun,Mein Auge tut weh.,My eye hurts.
Das Australien,Australia,noun,Australien ist ein Kontinent.,Australia is a continent.
Das Auto,"car, auto",noun,Mein Auto ist rot.,My car is red.
Das Baby,"baby, infant",noun,Das Baby schläft.,The baby is sleeping.
Das Band,"band, volume",noun,Die Band spielt Musik.,The band plays music.
Das Bar,bar,noun,No examples available.,
Das Bein,"leg, bone",noun,Mein Bein tut weh.,My leg hurts.
Das Beispiel,"example, model",noun,Kannst du ein Beispiel geben?,Can you give an example?
Das Bett,bed,noun,Ich gehe ins Bett.,I go to bed.
Das Bier,"beer, ale",noun,"Ein kaltes Bier, bitte.","A cold beer, please."
Das Bild,"picture, painting",noun,Das Bild hängt an der Wand.,The picture hangs on the wall.
Das Blatt,"leaf, sheet",noun,Im Herbst fallen die Blätter.,"In autumn, the leaves fall."
Das Blei,lead,noun,Blei ist ein schweres Metall.,Lead is a heavy metal.
Das Blut,blood,noun,No examples available.,
Das Brot,"bread, livelihood",noun,Ich kaufe frisches Brot.,I buy fresh bread.
Das Buch,"book, script",noun,Ich lese ein Buch.,I am reading a book.
Das Chinesisch,Chinese,noun,Ich lerne Chinesisch.,I am learning Chinese.
Das Deutsch,German,noun,Ich spreche Deutsch.,I speak German.
Das Deutschland,Germany,noun,Deutschland liegt in Europa.,Germany is in Europe.
Das Dorf,village,noun,Das Dorf ist sehr klein.,The village is very small.
Das Ei,"egg, ovum",noun,Ich esse ein Ei zum Frühstück.,I eat an egg for breakfast.
Das Eis,"ice, ice cream",noun,Im Sommer esse ich gern Eis.,I like to eat ice cream in summer.
Das Eisen,iron,noun,Eisen ist ein wichtiges Metall.,Iron is an important metal.
Das Element,element,noun,Wasser ist ein wichtiges Element.,Water is an important element.
Das Ende,end,noun,Das ist das Ende des Films.,That is the end of the movie.
Das Englisch,"English, English Opening",noun,Ich spreche Englisch.,I speak English.
Das Essen,"food, meal",noun,Das Essen ist lecker.,The food is delicious.
Das Fach,"subject, discipline",noun,Mathematik ist mein bestes Fach.,Mathematics is my best subject.
Das Fahrrad,"bicycle, bike",noun,Ich fahre mit dem Fahrrad zur Schule.,I go to school by bike.
Das Feld,"field, margin",noun,Das Feld ist voller Blumen.,The field is full of flowers.
Das Fell,"fur, pelt",noun,Das Fell des Hundes ist weich.,The dog's fur is soft.
Das Fenster,window,noun,Das Fenster ist offen.,The window is open.
Das Fernsehgerät,"television, television set",noun,No examples available.,
Das Feuer,fire,noun,Das Feuer brennt.,The fire is burning.
Das Fleisch,"meat, flesh",noun,Ich esse kein Fleisch.,I don't eat meat.
Das Flusspferd,"hippopotamus, hippo",noun,Das Flusspferd lebt im Wasser.,The hippopotamus lives in the water.
Das Gebiet,"area, territory",noun,Das Gebiet ist groß.,The area is large.
Das Gefängnis,"prison, jail",noun,No examples available.,
Das Gefühl,"feeling, sensation",noun,Ich habe ein gutes Gefühl.,I have a good feeling.
Das Gehirn,"brain, mind",noun,Das Gehirn steuert den Körper.,The brain controls the body.
Das Geld,"money, dough",noun,Ich habe kein Geld.,I have no money.
Das Gericht,"court, dish",noun,Das Gericht entscheidet über den Fall.,The court decides on the case.
Das Geschenk,"present, gift",noun,Ich habe ein Geschenk für dich.,I have a present for you.
Das Geschlecht,"sex, gender",noun,Das Geschlecht wird im Pass eingetragen.,The sex is entered in the passport.
Das Geschwätz,"gossip, twaddle",noun,No examples available.,
Das Geschäft,"store, deal",noun,Das Geschäft hat bis 20 Uhr geöffnet.,The store is open until 8 p.m.
Das Gesetz,"law, act",noun,Das Gesetz ist wichtig.,The law is important.
Das Gesicht,"face, expression",noun,Sie hat ein freundliches Gesicht.,She has a friendly face.
Das Gespenst,ghost,noun,Das Gespenst spukt im Schloss.,The ghost haunts the castle.
Das Getränk,"drink, beverage",noun,Welches Getränk möchten Sie bestellen?,Which drink would you like to order?
Das Glas,glass,noun,Ich trinke Wasser aus einem Glas.,I drink water from a glass.
Das Glied,"limb, member",noun,Er hat ein gebrochenes Glied.,He has a broken limb.
Das Glück,"luck, happiness",noun,Viel Glück!,Good luck!
Das Glühwürmchen,"firefly, glow-worm",noun,Das Glühwürmchen leuchtet.,The firefly glows.
Das Gold,gold,noun,Gold ist ein wertvolles Metall.,Gold is a valuable metal.
Das Gras,"grass, herbage",noun,Das Gras ist grün.,The grass is green.
Das Gut,"property, good",noun,Das Gut gehört einer Familie.,The property belongs to a family.
Das Haar,hair,noun,Sie hat lange Haare.,She has long hair.
Das Haupt,"head, chief",noun,Das Haupt der Firma ist hier.,The head of the company is here.
Das Haus,"house, home",noun,Das Haus ist groß.,The house is big.
Das Herz,"heart, hearts",noun,Mein Herz schlägt schnell.,My heart beats fast.
Das Holz,"wood, timber",noun,Der Tisch ist aus Holz.,The table is made of wood.
Das Huhn,"hen, chicken",noun,Das Huhn legt ein Ei.,The hen lays an egg.
Das Hörnchen,"croissant, cone",noun,Ich esse ein Hörnchen.,I am eating a croissant.
Das Indien,India,noun,Indien ist ein großes Land.,India is a big country.
Das Jahr,"year, age",noun,Ein Jahr hat zwölf Monate.,A year has twelve months.
Das Kennzeichen,"mark, licence plate",noun,Das Kennzeichen ist eindeutig.,The mark is clear.
Das Kind,"child, kid",noun,Das Kind spielt im Garten.,The child plays in the garden.
Das Kleid,"dress, clothes",noun,Sie trägt ein rotes Kleid.,She is wearing a red dress.
Das Komma,"comma, point",noun,Setz ein Komma.,Put a comma.
Das Krankenhaus,"hospital, sickhouse",noun,Mein Bruder arbeitet im Krankenhaus.,My brother works in the hospital.
Das Kreuz,"cross, club",noun,Das Kreuz steht auf dem Hügel.,The cross stands on the hill.
Das Lager,"warehouse, bearing",noun,Die Waren sind im Lager.,The goods are in the warehouse.
Das Land,"country, land",noun,Deutschland ist ein Land in Europa.,Germany is a country in Europe.
Das Leben,life,noun,Das Leben ist schön.,Life is beautiful.
Das Licht,light,noun,Mach das Licht an.,Turn on the light.
Das Loch,"hole, loch",noun,Im Pullover ist ein Loch.,There is a hole in the sweater.
Das Lokal,"bar, pub",noun,Wir gehen ins Lokal.,We are going to the bar.
Das Magazin,"magazine, warehouse",noun,Sie liest ein Magazin.,She reads a magazine.
Das Mal,"time, brand",noun,Ich war schon einmal in Paris.,I have been to Paris once.
Das Maul,"mouth, chops",noun,Das Pferd hat ein großes Maul.,The horse has a big mouth.
Das Maß,"measure, degree",noun,No examples available.,
Das Meer,"sea, mare",noun,Das Meer ist blau.,The sea is blue.
Das Messer,"knife, meter",noun,Das Messer ist scharf.,The knife is sharp.
Das Modell,model,noun,Er baut ein Modell.,He builds a model.
Das Mädchen,"girl, maid",noun,Das Mädchen spielt im Garten.,The girl is playing in the garden.
Das Nest,"nest, hicksville",noun,Das Nest ist im Baum.,The nest is in the tree.
Das Netz,"net, network",noun,Das Netz ist groß.,The net is large.
Das Ohr,"ear, hearing",noun,Mein Ohr tut weh.,My ear hurts.
Das Opfer,"victim, sacrifice",noun,Er ist ein Opfer des Verbrechens.,He is a victim of the crime.
Das Papier,"paper, document",noun,Ich brauche Papier zum Schreiben.,I need paper for writing.
Das Pferd,"horse, vaulting horse",noun,Das Pferd läuft schnell über die Wiese.,The horse runs quickly across the meadow.
Das Programm,"program, programme",noun,Das Programm läuft im Fernsehen.,The program is on TV.
Das Quadrat,square,noun,Das Quadrat ist gleichmäßig.,The square is even.
Das Rad,"wheel, cartwheel",noun,Das Rad dreht sich.,The wheel turns.
Das Recht,"law, right",noun,Das Recht schützt die Bürger.,The law protects the citizens.
Das Ried,"cane, reed",noun,Im Ried leben viele Vögel.,Many birds live in the reed bed.
Das Ross,"steed, knight",noun,Das Ross ist schnell.,The steed is fast.
Das Russisch,Russian,noun,Ich spreche Russisch.,I speak Russian.
Das Russland,Russia,noun,Russland ist ein großes Land.,Russia is a large country.
Das Salz,"salt, sal",noun,Kannst du mir das Salz geben?,Can you pass me the salt?
Das Schach,"chess, check",noun,Wir spielen Schach.,We play chess.
Das Schaf,"sheep, simpleton",noun,Das Schaf frisst Gras.,The sheep eats grass.
Das Schiff,"ship, nave",noun,Das Schiff fährt auf dem Meer.,The ship sails on the sea.
Das Schloss,"lock, castle",noun,Das Schloss an der Tür ist kaputt.,The lock on the door is broken.
Das Schmalz,"lard, fat",noun,Schmalz wird zum Kochen verwendet.,Lard is used for cooking.
Das Schwein,"pig, swine",noun,Das Schwein wühlt im Schlamm.,The pig roots in the mud.
Das Silber,"silver, silverware",noun,Silber glänzt im Sonnenlicht.,Silver shines in the sunlight.
Das Spanisch,"Spanish, Ruy Lopez",noun,Sie spricht Spanisch.,She speaks Spanish.
Das Spiel,"game, play",noun,Das Spiel macht Spaß.,The game is fun.
Das Stück,"piece, part",noun,Ich esse ein Stück Kuchen.,I’m eating a piece of cake.
Das Teil,"part, piece",noun,Ein Teil fehlt.,A part is missing.
Das Thema,"theme, subject",noun,Das Thema des Tages ist Umwelt.,The topic of the day is environment.
Das Tier,"animal, beast",noun,Das Tier lebt im Wald.,The animal lives in the forest.
Das Tor,"goal, gate",noun,Das Tor ist offen.,The gate is open.
Das Universum,universe,noun,Das Universum ist unendlich.,The universe is infinite.
Das Viereck,"quadrilateral, quadrangle",noun,Ein Viereck hat vier Seiten.,A quadrilateral has four sides.
Das Volk,"people, folk",noun,Das Volk feiert ein großes Fest.,The people celebrate a big festival.
Das Vorzeichen,"sign, augury",noun,Das Vorzeichen ist negativ.,The sign is negative.
Das Wasser,water,noun,Ich trinke Wasser.,I drink water.
Das Werk,"work, plant",noun,Sein Werk ist ein literarisches Meisterwerk.,His work is a literary masterpiece.
Das Wesen,"being, creature",noun,Das Wesen des Menschen ist komplex.,The nature of the human being is complex.
Das Wetter,"weather, air",noun,Das Wetter ist heute schön.,The weather is nice today.
Das Wort,"word, expression",noun,Schreibe das Wort auf.,Write down the word.
Das Wörterbuch,"dictionary, wordbook",noun,Ich benutze ein Wörterbuch.,I use a dictionary.
Das Zeichen,"sign, character",noun,Das ist ein Zeichen für Gefahr.,That is a sign of danger.
Das Zeitalter,"age, era",noun,Das ist ein neues Zeitalter.,This is a new age.
Das Zentrum,"centre, center",noun,Das Zentrum der Stadt ist lebendig.,The centre of the city is lively.
Das Öl,oil,noun,Ich brauche Öl zum Kochen.,I need oil for cooking.
Das Österreich,Austria,noun,No examples available.,
Der Abend,"evening, eve",noun,Guten Abend!,Good evening!
Der Abfall,"waste, garbage",noun,Der Abfall muss getrennt werden.,The waste must be separated.
Der Abort,"miscarriage, toilet",noun,Der Abort war tragisch.,The miscarriage was tragic.
Der Absatz,"paragraph, heel",noun,Der Absatz ist lang.,The paragraph is long.
Der Abschnitt,"section, sector",noun,Lies den nächsten Abschnitt.,Read the next section.
Der Abtritt,"resignation, exit",noun,Sein Abtritt war überraschend.,His resignation was surprising.
Der Acker,"field, acre",noun,Der Bauer arbeitet auf dem Acker.,The farmer works in the field.
Der Adler,"eagle, Aquila",noun,Der Adler fliegt hoch.,The eagle flies high.
Der Affe,"monkey, ape",noun,Der Affe klettert auf den Baum.,The monkey climbs the tree.
Der Akt,"act, nude",noun,No examples available.,
Der Antrieb,"drive, impetus",noun,Der Antrieb des Motors ist stark.,The drive of the engine is strong.
Der Anzug,"suit, attire",noun,Er trägt einen Anzug.,He is wearing a suit.
Der Apfel,"apple, apple tree",noun,Der Apfel ist rot und süß.,The apple is red and sweet.
Der Arm,"arm, right-hand man",noun,Mein Arm tut weh.,My arm hurts.
Der Artikel,"article, commodity",noun,Der Artikel ist sehr interessant.,The article is very interesting.
Der Ast,"branch, bough",noun,Ein Vogel sitzt auf dem Ast.,A bird is sitting on the branch.
Der Aufzug,"lift, elevator",noun,Der Aufzug ist im Erdgeschoss.,The elevator is on the ground floor.
Der Ausdruck,"expression, print-out",noun,Sein Gesicht zeigt einen traurigen Ausdruck.,His face shows a sad expression.
Der Autoskooter,"bumper car, dodgem",noun,No examples available.,
Der Backfisch,"backfisch, fish",noun,Sie ist ein Backfisch.,She is a teenage girl (backfisch).
Der Balkon,"balcony, hat shelf",noun,Wir frühstücken auf dem Balkon.,We have breakfast on the balcony.
Der Ball,"ball, dance",noun,Der Junge wirft den Ball.,The boy throws the ball.
Der Bau,"construction, building",noun,Der Bau ist fast fertig.,The construction is almost finished.
Der Bauch,"belly, stomach",noun,Mein Bauch tut weh.,My stomach hurts.
Der Bauer,"pawn, farmer",noun,Der Bauer arbeitet auf dem Feld.,The farmer works in the field.
Der Baum,"tree, boom",noun,Der Baum ist sehr alt.,The tree is very old.
Der Berg,"mountain, hill",noun,Wir wandern auf den Berg.,We are hiking up the mountain.
Der Beschuss,"fire, shelling",noun,Der Beschuss war heftig.,The fire was intense.
Der Bezug,"cover, relation",noun,Ich brauche einen neuen Bezug für das Sofa.,I need a new cover for the sofa.
Der Blitz,"lightning, flash",noun,Der Blitz ist hell.,The lightning is bright.
Der Block,"block, bloc",noun,Der Block ist schwer.,The block is heavy.
Der Bock,"buck, billy goat",noun,Der Bock springt über den Zaun.,The buck jumps over the fence.
Der Boden,"ground, bottom",noun,Der Boden ist nass.,The ground is wet.
Der Brief,"letter, epistle",noun,Ich schreibe einen Brief an meine Freundin.,I am writing a letter to my friend.
Der Bruch,"fraction, fracture",noun,Ein Bruch ist ein Teil eines Ganzen.,A fraction is a part of a whole.
Der Bruder,"brother, monk",noun,Mein Bruder ist älter als ich.,My brother is older than me.
Der Buckel,"hump, back",noun,Der Kamel hat einen Buckel.,The camel has a hump.
Der Bug,"bow, bug",noun,Der Bug des Schiffes ist scharf.,The bow of the ship is sharp.
Der Bulle,"cop, copper",noun,Der Bulle verfolgt den Dieb.,The cop chases the thief.
Der Bund,"union, fret",noun,Der Bund der Staaten ist stark.,The union of states is strong.
Der Bus,"bus, coach",noun,Der Bus kommt um acht Uhr.,The bus arrives at eight o'clock.
Der Bär,"bear, teddy bear",noun,No examples available.,
Der Chinese,Chinese,noun,Er spricht chinesisch.,He speaks Chinese.
Der Chor,"choir, chorus",noun,Der Chor singt schön.,The choir sings beautifully.
Der Computer,computer,noun,Der Computer ist neu.,The computer is new.
Der Deutscher,German,noun,Er ist Deutscher.,He is German.
Der Dieb,"thief, robber",noun,Der Dieb wurde gefasst.,The thief was caught.
Der Dienst,"service, duty",noun,Er ist im Dienst.,He is on duty.
Der Dienstag,Tuesday,noun,Am Dienstag habe ich einen Termin.,I have an appointment on Tuesday.
Der Drache,"dragon, Draco",noun,Der Drache lebt in der Höhle.,The dragon lives in the cave.
Der Druck,"pressure, print",noun,Der Druck ist hoch.,The pressure is high.
Der Ehemann,husband,noun,Mein Ehemann arbeitet im Krankenhaus.,My husband works in the hospital.
Der Eimer,"bucket, pail",noun,Der Eimer ist voll mit Wasser.,The bucket is full of water.
Der Elefant,elephant,noun,Der Elefant ist das größte Landtier.,The elephant is the largest land animal.
Der Esel,"donkey, ass",noun,Der Esel steht auf der Wiese.,The donkey stands in the meadow.
Der Fall,"case, fall",noun,Im Notfall ruf die Polizei.,"In case of emergency, call the police."
Der Februar,February,noun,Der Februar ist der zweite Monat.,February is the second month.
Der Fehler,"error, mistake",noun,Ich habe einen Fehler gemacht.,I made a mistake.
Der Fisch,"fish, Pisces",noun,Der Fisch schwimmt im Wasser.,The fish swims in the water.
Der Fluss,"river, flux",noun,Der Fluss fließt durch die Stadt.,The river flows through the city.
Der Flügel,"wing, grand piano",noun,Der Vogel breitet seine Flügel aus.,The bird spreads its wings.
Der Freitag,"Friday, day off",noun,Am Freitag habe ich frei.,I have the day off on Friday.
Der Freund,"friend, boyfriend",noun,Mein Freund hilft mir oft.,My friend helps me often.
Der Frieden,peace,noun,Wir wünschen uns Frieden auf der Welt.,We wish for peace in the world.
Der Friedhof,"cemetery, graveyard",noun,Der Friedhof ist ruhig.,The cemetery is quiet.
Der Frühling,"spring, springtime",noun,Im Frühling blühen die Blumen.,"In spring, the flowers bloom."
Der Fuchs,"fox, chestnut",noun,Der Fuchs läuft durch den Wald.,The fox runs through the forest.
Der Fuß,"foot, base",noun,Mein Fuß tut weh.,My foot hurts.
Der Fußball,"football, soccer",noun,Wir spielen Fußball im Park.,We are playing soccer in the park.
Der Fußweg,"footpath, sidewalk",noun,No examples available.,
Der Führer,"leader, guide",noun,Der Führer zeigt den Weg.,The leader shows the way.
Der Gang,"gear, corridor",noun,No examples available.,
Der Garten,"garden, plants in tubs",noun,Die Blumen blühen im Garten.,The flowers are blooming in the garden.
Der Gast,"guest, visitor",noun,Wir haben heute einen Gast.,We have a guest today.
Der Geburtstag,"birthday, day of birth",noun,Heute ist mein Geburtstag.,Today is my birthday.
Der Geist,"spirit, ghost",noun,Der Geist des Weihnachtsfestes ist überall.,The spirit of Christmas is everywhere.
Der Geschmack,"taste, flavour",noun,Der Geschmack ist süß.,The taste is sweet.
Der Gipfel,"summit, peak",noun,Wir erreichen den Gipfel.,We reach the summit.
Der Gott,"God, god",noun,Viele Menschen glauben an Gott.,Many people believe in God.
Der Grad,"degree, order",noun,Es sind 20 Grad draußen.,It is 20 degrees outside.
Der Großvater,"grandfather, grandsire",noun,Mein Großvater erzählt gern Geschichten.,My grandfather likes to tell stories.
Der Grund,"reason, bottom",noun,Was ist der Grund für deine Entscheidung?,What is the reason for your decision?
Der Hafen,"port, harbour",noun,Im Hafen liegen viele Schiffe.,Many ships are in the port.
Der Hals,"neck, throat",noun,Sie hat Halsschmerzen.,She has a sore throat.
Der Halt,"support, stop",noun,Er braucht Halt.,He needs support.
Der Hase,"hare, rabbit",noun,Der Hase springt schnell über das Feld.,The hare jumps quickly across the field.
Der Herbst,"autumn, fall",noun,Im Herbst fallen die Blätter.,"In autumn, the leaves fall."
Der Herr,"Lord, sir",noun,"Guten Tag, Herr Müller.","Good day, Mr. Müller."
Der Himmel,"sky, heaven",noun,Der Himmel ist heute blau.,The sky is blue today.
Der Hof,"courtyard, yard",noun,Die Kinder spielen im Hof.,The children play in the courtyard.
Der Hund,"dog, hound",noun,Der Hund bellt.,The dog barks.
Der Hügel,"hill, hump",noun,Der Hügel ist grün.,The hill is green.
Der Inhalt,"content, plot",noun,Der Inhalt der Schachtel ist unbekannt.,The content of the box is unknown.
Der Januar,January,noun,Der Januar ist kalt.,January is cold.
Der Johannes,"John, Jack",noun,Johannes kommt heute zu Besuch.,John is coming to visit today.
Der Junge,boy,noun,Der Junge spielt Fußball.,The boy is playing soccer.
Der Kaffee,"coffee, cafe",noun,Möchtest du einen Kaffee?,Would you like a coffee?
Der Kampf,"fight, battle",noun,Der Kampf zwischen den Boxern war spannend.,The fight between the boxers was exciting.
Der Kasten,"box, cupboard",noun,No examples available.,
Der Klang,"sound, ring",noun,Der Klang ist schön.,The sound is beautiful.
Der Knoten,"knot, node",noun,Der Knoten ist fest.,The knot is tight.
Der Kohl,"cabbage, nonsense",noun,Sie kocht Kohl.,She cooks cabbage.
Der Kohlenstoff,carbon,noun,Kohlenstoff ist ein Element.,Carbon is an element.
Der Kolben,"piston, spadix",noun,Der Kolben bewegt sich im Motor.,The piston moves in the engine.
Der Kopf,"head, heads",noun,Ich habe Kopfschmerzen.,I have a headache.
Der Korb,"basket, refusal",noun,Der Korb ist voll mit Äpfeln.,The basket is full of apples.
Der Kreis,"circle, district",noun,Sie zeichnet einen Kreis.,She draws a circle.
Der Krieg,"war, warfare",noun,Der Krieg dauerte viele Jahre.,The war lasted many years.
Der Kuss,kiss,noun,Sie gibt ihm einen Kuss auf die Wange.,She gives him a kiss on the cheek.
Der Käse,"cheese, baloney",noun,Ich esse gern Käse zum Frühstück.,I like to eat cheese for breakfast.
Der König,"king, King",noun,Der König trägt eine goldene Krone.,The king wears a golden crown.
Der Körper,"body, field",noun,Der menschliche Körper besteht aus vielen Zellen.,The human body is made up of many cells.
Der Kühlschrank,"refrigerator, fridge",noun,Die Milch steht im Kühlschrank.,The milk is in the fridge.
Der Kürbis,"pumpkin, squash",noun,No examples available.,
Der Laden,"shop, store",noun,Der Laden ist heute geschlossen.,The shop is closed today.
Der Lauf,"race, run",noun,Der Lauf beginnt um acht Uhr.,The race starts at eight o'clock.
Der Lehrer,"teacher, instructor",noun,Der Lehrer erklärt die Aufgabe.,The teacher explains the task.
Der Leiter,"ladder, conductor",noun,Die Leiter steht an der Wand.,The ladder is leaning against the wall.
Der Lenz,spring,noun,Lenz ist die schönste Jahreszeit.,Spring is the most beautiful season.
Der Leuchtkäfer,"firefly, lightning bug",noun,No examples available.,
Der Löwe,"lion, Leo",noun,Der Löwe brüllt laut.,The lion roars loudly.
Der Magen,"stomach, maw",noun,Der Magen knurrt.,The stomach growls.
Der Mais,"maize, corn",noun,Mais wächst auf dem Feld.,Maize grows in the field.
Der Mann,"man, husband",noun,Der Mann arbeitet im Büro.,The man works in the office.
Der Markt,"market, market town",noun,Am Samstag ist Markt in der Stadt.,There is a market in the city on Saturday.
Der Matthäus,Matthew,noun,No examples available.,
Der Meister,"master, champion",noun,Er ist Meister im Schach.,He is a chess champion.
Der Moment,"moment, torque",noun,"Einen Moment, bitte.","One moment, please."
Der Mond,"moon, Moon",noun,Der Mond scheint hell in der Nacht.,The moon shines brightly at night.
Der Morgen,"morning, tomorrow",noun,Guten Morgen!,Good morning!
Der Mund,"mouth, mund",noun,Bitte öffne den Mund.,Please open your mouth.
Der Nagel,nail,noun,Ich schlage einen Nagel in die Wand.,I hammer a nail into the wall.
Der Name,name,noun,Wie ist dein Name?,What is your name?
Der Narr,"fool, court jester",noun,Er ist ein Narr.,He is a fool.
Der Nebel,"fog, mist",noun,Am Morgen liegt Nebel über der Stadt.,"In the morning, fog covers the city."
Der Onkel,"uncle, paternal uncle",noun,Mein Onkel besucht uns am Wochenende.,My uncle visits us on the weekend.
Der Ort,"place, site",noun,Das ist ein schöner Ort.,That is a beautiful place.
Der Osten,east,noun,Die Sonne geht im Osten auf.,The sun rises in the east.
Der Papagei,"parrot, popinjay",noun,Der Papagei spricht.,The parrot talks.
Der Pass,"passport, pass",noun,Ich habe meinen Pass vergessen.,I forgot my passport.
Der Pilz,"mushroom, fungus",noun,Der Pilz wächst im Wald.,The mushroom grows in the forest.
Der Plan,"plan, blueprint",noun,Wir machen einen Plan.,We are making a plan.
Der Planet,planet,noun,Die Erde ist ein Planet.,Earth is a planet.
Der Platz,"square, place",noun,Der Platz ist voll.,The square is full.
Der Portwein,"port, port wine",noun,No examples available.,
Der Preis,"price, prize",noun,Wie hoch ist der Preis?,What is the price?
Der Punkt,"dot, point",noun,Setze einen Punkt am Satzende.,Put a dot at the end of the sentence.
Der Rand,"edge, margin",noun,Der Rand des Tisches ist scharf.,The edge of the table is sharp.
Der Rauch,"smoke, fume",noun,Der Rauch steigt auf.,The smoke rises.
Der Raum,"space, room",noun,Das ist ein großer Raum.,That is a big room.
Der Regen,"rain, Regen",noun,Der Regen ist stark.,The rain is heavy.
Der Regenbogen,rainbow,noun,Nach dem Regen erscheint ein Regenbogen.,"After the rain, a rainbow appears."
Der Reis,"rice, shoot",noun,Ich esse gerne Reis.,I like to eat rice.
Der Richter,"judge, Judges",noun,Der Richter entscheidet über den Fall.,The judge decides the case.
Der Riegel,"bolt, bar",noun,Der Riegel ist fest.,The bolt is tight.
Der Ring,ring,noun,Der Ring ist aus Gold.,The ring is made of gold.
Der Riss,"tear, rip",noun,Der Riss im Stoff ist groß.,The tear in the fabric is large.
Der Ritter,knight,noun,Der Ritter trägt eine Rüstung.,The knight wears armor.
Der Ruf,"call, reputation",noun,Ich höre einen Ruf.,I hear a call.
Der Rücken,"back, ridge",noun,Mein Rücken tut weh.,My back hurts.
Der Samstag,Saturday,noun,Samstag ist mein freier Tag.,Saturday is my day off.
Der Sand,"sand, sandbank",noun,Der Sand ist heiß.,The sand is hot.
Der Satz,"sentence, set",noun,Schreibe einen Satz.,Write a sentence.
Der Schatten,"shade, shadow",noun,Wir suchen Schatten.,We seek shade.
Der Schlaf,"sleep, rheum",noun,Er braucht Schlaf.,He needs sleep.
Der Schlag,"blow, stroke",noun,Er erhält einen Schlag.,He receives a blow.
Der Schluss,"conclusion, end",noun,Das ist der Schluss der Geschichte.,That is the end of the story.
Der Schlüssel,"key, wrench",noun,Wo ist mein Schlüssel?,Where is my key?
Der Schmerz,"pain, ache",noun,Der Schmerz ist stark.,The pain is strong.
Der Schmetterling,"butterfly, Lepidopter",noun,Ein bunter Schmetterling fliegt über die Blumen.,A colorful butterfly flies over the flowers.
Der Schnee,snow,noun,Im Winter fällt viel Schnee.,A lot of snow falls in winter.
Der Schnitt,"cut, average",noun,Der Schnitt in das Papier ist sauber.,The cut in the paper is clean.
Der Schnuller,"dummy, pacifier",noun,Das Baby braucht den Schnuller.,The baby needs the pacifier.
Der Schritt,"step, crotch",noun,Er macht einen Schritt nach vorne.,He takes a step forward.
Der Schuh,"shoe, boot",noun,Ich kaufe neue Schuhe.,I am buying new shoes.
Der Schwanz,"tail, prick",noun,Der Hund wedelt mit dem Schwanz.,The dog wags its tail.
Der See,"lake, sea",noun,Wir schwimmen im See.,We swim in the lake.
Der Sinn,"sense, meaning",noun,Das ergibt keinen Sinn.,That doesn't make sense.
Der Sohn,son,noun,Mein Sohn spielt Fußball.,My son plays football.
Der Soldat,soldier,noun,Der Soldat marschiert.,The soldier marches.
Der Sommer,"summer, Summer",noun,Im Sommer ist es warm.,It is warm in summer.
Der Sonntag,Sunday,noun,Am Sonntag habe ich frei.,I have a day off on Sunday.
Der Spaziergang,"walk, stroll",noun,Wir machen einen Spaziergang.,We take a walk.
Der Spaß,"fun, joke",noun,Das Spiel macht Spaß.,The game is fun.
Der Spiegel,"mirror, looking glass",noun,Sie schaut in den Spiegel.,She looks in the mirror.
Der Sprung,"jump, leap",noun,Er macht einen großen Sprung.,He makes a big jump.
Der Stall,"stable, stall",noun,Das Pferd steht im Stall.,The horse is in the stable.
Der Stamm,"trunk, phylum",noun,Der Stamm des Baumes ist dick.,The trunk of the tree is thick.
Der Start,"start, take-off",noun,Der Start des Rennens war spannend.,The start of the race was exciting.
Der Stein,"stone, rock",noun,Der Junge wirft einen Stein ins Wasser.,The boy throws a stone into the water.
Der Stern,"star, asterisk",noun,Der Stern leuchtet am Himmel.,The star shines in the sky.
Der Stift,"pencil, apprentice",noun,Ich habe einen neuen Stift.,I have a new pencil.
Der Stock,"stick, floor",noun,Der alte Mann braucht einen Stock.,The old man needs a stick.
Der Stoff,"fabric, cloth",noun,Der Stoff fühlt sich weich an.,The fabric feels soft.
Der Strand,"beach, shore",noun,Wir gehen an den Strand.,We go to the beach.
Der Strauß,"ostrich, bouquet",noun,No examples available.,
Der Strom,"stream, current",noun,Der Strom fließt schnell.,The stream flows quickly.
Der Sturm,"storm, assault",noun,Der Sturm hat Bäume umgeworfen.,The storm knocked down trees.
Der Säugling,"baby, infant",noun,No examples available.,
Der Tag,"day, diet",noun,Heute ist ein schöner Tag.,Today is a beautiful day.
Der Takt,"bar, tact",noun,Der Takt ist schnell.,The beat is fast.
Der Tee,"tea, tea plant",noun,Ich trinke gern Tee.,I like to drink tea.
Der Tisch,table,noun,Der Tisch ist rund.,The table is round.
Der Tod,death,noun,Der Tod kam unerwartet.,The death was unexpected.
Der Traum,dream,noun,Ich hatte einen schönen Traum.,I had a beautiful dream.
Der Tropfen,"drop, dripping",noun,Ein Tropfen Wasser.,A drop of water.
Der Umschlag,"cover, envelope",noun,Der Umschlag ist leer.,The envelope is empty.
Der Umzug,"move, procession",noun,Der Umzug in die neue Wohnung war stressig.,The move to the new apartment was stressful.
Der Untergang,"sinking, fall",noun,Der Untergang des Schiffes war tragisch.,The sinking of the ship was tragic.
Der Vater,"father, dad",noun,Mein Vater ist Arzt.,My father is a doctor.
Der Verteidiger,"back, defence",noun,Der Verteidiger hilft seinem Team.,The defender helps his team.
Der Vogel,"bird, fowl",noun,Ein Vogel fliegt über den Baum.,A bird flies over the tree.
Der Vorsprung,"protrusion, lead",noun,Der Vorsprung ist groß.,The protrusion is large.
Der Wagen,"car, cart",noun,Ich fahre einen neuen Wagen.,I’m driving a new car.
Der Wald,"forest, wood",noun,Wir gehen im Wald spazieren.,We walk in the forest.
Der Wechsel,"change, bill of exchange",noun,Es gibt einen Wechsel im Wetter.,There is a change in the weather.
Der Weg,"way, route",noun,Welcher Weg führt zum Bahnhof?,Which way leads to the train station?
Der Wein,"wine, grape",noun,Ich trinke gern Wein.,I like to drink wine.
Der Wert,"value, worth",noun,Das hat einen hohen Wert.,It has a high value.
Der Wind,"wind, flatulence",noun,Der Wind weht stark.,The wind is blowing strongly.
Der Wirt,"host, innkeeper",noun,Der Wirt begrüßt die Gäste.,The host welcomes the guests.
Der Wolf,"wolf, Lupus",noun,No examples available.,
Der Würfel,"die, cube",noun,Wirf den Würfel.,Roll the die.
Der Zahn,"tooth, cog",noun,Der Zahn tut weh.,The tooth hurts.
Der Zosse,"caple, horse",noun,Der Zosse ist schnell.,The caple is fast.
Der Zucker,"sugar, diabetes",noun,Ich nehme Zucker in meinen Kaffee.,I take sugar in my coffee.
Der Zug,"train, move",noun,Der Zug kommt pünktlich.,The train arrives on time.
Der Zustand,"state, condition",noun,Das Auto ist in gutem Zustand.,The car is in good condition.
Der Zweck,"purpose, point",noun,Was ist der Zweck dieses Besuchs?,What is the purpose of this visit?
Der Zwerg,"dwarf, gnome",noun,Der Zwerg ist klein.,The dwarf is small.
Die Abfahrt,"departure, downhill",noun,Die Abfahrt ist in fünf Minuten.,The departure is in five minutes.
Die Abgabe,"tax, duty",noun,Die Abgabe muss bezahlt werden.,The tax must be paid.
Die Abteilung,"department, unit",noun,Ich arbeite in der Marketing,Abteilung. - I work in the marketing department.
Die Acht,"eight, attention",noun,Die Zahl acht kommt nach sieben.,The number eight comes after seven.
Die Achtung,"attention, respect",noun,"Achtung, Gefahr!","Attention, danger!"
Die Ameise,"ant, pismire",noun,Die Ameise trägt ein Blatt.,The ant carries a leaf.
Die Anordnung,"arrangement, order",noun,Die Anordnung der Möbel gefällt mir.,I like the arrangement of the furniture.
Die Antwort,"answer, reply",noun,Ich habe keine Antwort.,I have no answer.
Die Anzahl,"number, amount",noun,Die Anzahl der Gäste ist groß.,The number of guests is large.
Die Arbeit,"work, labour",noun,Ich gehe zur Arbeit.,I am going to work.
Die Art,"kind, species",noun,Diese Art von Musik gefällt mir.,I like this kind of music.
Die Aubergine,"eggplant, aubergine",noun,Die Aubergine ist lila.,The eggplant is purple.
Die Aufnahme,"reception, absorption",noun,Die Aufnahme im Krankenhaus war schnell.,The reception at the hospital was quick.
Die Bahn,"track, orbit",noun,Die Bahn ist schnell.,The train is fast.
Die Banane,"banana, plantain",noun,Ich esse eine Banane.,I am eating a banana.
Die Bank,"bank, bench",noun,Ich sitze auf der Bank im Park.,I am sitting on the bench in the park.
Die Basis,"base, basis",noun,Die Basis des Turms ist sehr stabil.,The base of the tower is very stable.
Die Baumwolle,cotton,noun,Das T,Shirt ist aus Baumwolle. - The T-shirt is made of cotton.
Die Bedeutung,"meaning, importance",noun,Was ist die Bedeutung dieses Wortes?,What is the meaning of this word?
Die Bestellung,order,noun,Die Bestellung ist angekommen.,The order has arrived.
Die Biene,"bee, honeybee",noun,Die Biene summt um die Blume.,The bee buzzes around the flower.
Die Birne,"pear, nut",noun,Ich esse eine Birne.,I am eating a pear.
Die Blume,"flower, blossom",noun,Die Blume ist schön.,The flower is beautiful.
Die Blüte,"flower, blossom",noun,Die Blüte ist schön.,The flower is beautiful.
Die Braut,"bride, bird",noun,Die Braut trägt ein weißes Kleid.,The bride wears a white dress.
Die Brust,"breast, chest",noun,Sie hat Schmerzen in der Brust.,She has pain in her chest.
Die Brücke,"bridge, link",noun,Die Brücke führt über den Fluss.,The bridge crosses the river.
Die Büchse,"rifle, tin",noun,Er nimmt die Büchse zur Jagd.,He takes the rifle hunting.
Die Dame,"queen, lady",noun,Die Dame trägt ein schönes Kleid.,The lady is wearing a beautiful dress.
Die Deern,"girl, maid",noun,Die Deern spielt im Garten.,The girl is playing in the garden.
Die Ebene,"plain, plane",noun,Die Ebene ist sehr weit.,The plain is very wide.
Die Ecke,"corner, angle",noun,Die Lampe steht in der Ecke.,The lamp is in the corner.
Die Ehe,"marriage, matrimony",noun,Die Ehe ist eine wichtige Institution.,Marriage is an important institution.
Die Ehefrau,wife,noun,Meine Ehefrau ist Ärztin.,My wife is a doctor.
Die Ente,"duck, drake",noun,Die Ente schwimmt auf dem Teich.,The duck is swimming on the pond.
Die Erde,"soil, earth",noun,Die Pflanze wächst in der Erde.,The plant grows in the soil.
Die Falle,"trap, latch",noun,Die Maus ist in die Falle gegangen.,The mouse went into the trap.
Die Familie,family,noun,Meine Familie ist groß.,My family is big.
Die Farbe,"colour, color",noun,Welche Farbe magst du?,Which color do you like?
Die Feder,"feather, spring",noun,Die Feder eines Vogels ist leicht.,The feather of a bird is light.
Die Flagge,"flag, ensign",noun,Die Flagge weht im Wind.,The flag waves in the wind.
Die Flasche,"bottle, flask",noun,Die Flasche ist leer.,The bottle is empty.
Die Fliege,"fly, bow tie",noun,Eine Fliege sitzt auf dem Tisch.,A fly is sitting on the table.
Die Flut,"flood, flood-tide",noun,Die Flut kommt schnell.,The flood comes quickly.
Die Folge,"sequence, episode",noun,Die Folge der Zahlen ist logisch.,The sequence of numbers is logical.
Die Form,"form, shape",noun,Die Form ist rund.,The shape is round.
Die Frage,"question, issue",noun,Ich habe eine Frage.,I have a question.
Die Frau,"woman, wife",noun,Die Frau liest ein Buch.,The woman is reading a book.
Die Frucht,"fruit, crop",noun,Die Frucht ist reif und süß.,The fruit is ripe and sweet.
Die Furcht,fear,noun,Sie hat Furcht vor der Dunkelheit.,She has a fear of the dark.
Die Gabel,fork,noun,Bitte gib mir eine Gabel.,Please give me a fork.
Die Gattung,"genus, genre",noun,Die Gattung ist selten.,The genus is rare.
Die Geschichte,"history, story",noun,Geschichte ist mein Lieblingsfach.,History is my favorite subject.
Die Gesellschaft,"society, company",noun,Wir leben in einer modernen Gesellschaft.,We live in a modern society.
Die Gewalt,"violence, power",noun,Gewalt ist keine Lösung.,Violence is not a solution.
Die Grube,"pit, grave",noun,Die Grube ist tief.,The pit is deep.
Die Gruppe,"group, unit",noun,Die Gruppe arbeitet zusammen.,The group works together.
Die Gurke,"cucumber, gherkin",noun,Die Gurke ist frisch.,The cucumber is fresh.
Die Hafenstadt,port,noun,Hamburg ist eine Hafenstadt.,Hamburg is a port.
Die Haltestelle,stop,noun,Der Bus hält an der Haltestelle.,The bus stops at the stop.
Die Hand,hand,noun,Gib mir deine Hand.,Give me your hand.
Die Handlung,"plot, action",noun,Die Handlung des Buches ist spannend.,The plot of the book is exciting.
Die Haut,"skin, hide",noun,Die Haut schützt den Körper.,The skin protects the body.
Die Heimat,"homeland, home",noun,Deutschland ist meine Heimat.,Germany is my homeland.
Die Hilfe,"help, aid",noun,Ich brauche Hilfe.,I need help.
Die Hochzeit,"wedding, golden age",noun,Die Hochzeit findet im Juni statt.,The wedding takes place in June.
Die Höhle,"cave, cavern",noun,Die Höhle ist dunkel.,The cave is dark.
Die Idee,idea,noun,Ich habe eine Idee.,I have an idea.
Die Insel,"island, isle",noun,Wir machen Urlaub auf einer Insel.,We are vacationing on an island.
Die Kartoffel,potato,noun,Ich esse gern Kartoffeln.,I like to eat potatoes.
Die Katze,"cat, feline",noun,Die Katze schläft auf dem Sofa.,The cat is sleeping on the sofa.
Die Kaulquappe,"tadpole, polliwog",noun,Die Kaulquappe schwimmt im Teich.,The tadpole swims in the pond.
Die Kette,"chain, warp",noun,Sie trägt eine goldene Kette.,She wears a golden chain.
Die Kirche,"church, kirk",noun,Die Kirche steht im Zentrum der Stadt.,The church is in the center of the city.
Die Kirsche,cherry,noun,Die Kirsche ist rot.,The cherry is red.
Die Kiste,"box, coffer",noun,No examples available.,
Die Klamotte,"farce, big",noun,Das ist eine Klamotte.,That is a farce.
Die Klappe,"flap, mouth",noun,Die Klappe ist offen.,The flap is open.
Die Klasse,"class, excellence",noun,Die Klasse ist laut.,The class is noisy.
Die Kohle,"coal, money",noun,Die Kohle brennt im Ofen.,The coal burns in the oven.
Die Kraft,"force, power",noun,Er hat viel Kraft.,He has a lot of power.
Die Kreuzung,"crossroads, intersection",noun,An der Kreuzung musst du links abbiegen.,"At the intersection, you have to turn left."
Die Krone,"crown, head",noun,Die Königin trägt eine goldene Krone.,The queen wears a golden crown.
Die Kugel,"sphere, bullet",noun,Die Kugel rollt über den Tisch.,The sphere rolls across the table.
Die Kuh,cow,noun,Die Kuh steht auf der Wiese.,The cow is standing in the meadow.
Die Kunst,"art, skill",noun,Kunst kann viele Formen haben.,Art can take many forms.
Die Kälte,"cold, coldness",noun,No examples available.,
Die Königin,queen,noun,Die Königin regiert das Land.,The queen rules the country.
Die Ladung,"load, charge",noun,Die Ladung ist schwer.,The load is heavy.
Die Lage,"position, location",noun,Die Lage des Hotels ist sehr gut.,The position of the hotel is very good.
Die Leber,liver,noun,Die Leber ist ein wichtiges Organ.,The liver is an important organ.
Die Leiche,"corpse, cadaver",noun,Die Leiche wurde gefunden.,The corpse was found.
Die Leiste,"groin, strip",noun,Er hat Schmerzen in der Leiste.,He has pain in his groin.
Die Leistung,"power, benefit",noun,Die Leistung des Motors ist hoch.,The power of the engine is high.
Die Leitung,"leadership, line",noun,Die Leitung des Projekts hat Frau Müller.,Ms. Müller has the leadership of the project.
Die Libelle,"dragonfly, barrette",noun,No examples available.,
Die Liebe,"love, affection",noun,Liebe ist das schönste Gefühl.,Love is the most beautiful feeling.
Die Linie,"line, file",noun,Ziehe eine gerade Linie auf das Papier.,Draw a straight line on the paper.
Die Luft,"air, atmosphere",noun,Frische Luft ist gesund.,Fresh air is healthy.
Die Lüge,"lie, falsehood",noun,Das ist eine Lüge.,That is a lie.
Die Macht,"power, might",noun,Er hat viel Macht.,He has a lot of power.
Die Mark,"marrow, mark",noun,Das Mark ist gesund.,The marrow is healthy.
Die Mauer,wall,noun,No examples available.,
Die Maus,mouse,noun,Die Maus läuft schnell über den Boden.,The mouse runs quickly across the floor.
Die Medizin,"medicine, drug",noun,Die Medizin hilft gegen Schmerzen.,The medicine helps against pain.
Die Menge,"set, quantity",noun,Eine große Menge Leute war da.,A large crowd of people was there.
Die Messe,"mass, fair",noun,Die Messe beginnt um zehn Uhr.,The mass starts at ten o'clock.
Die Miete,"rent, rental",noun,Die Miete ist teuer.,The rent is expensive.
Die Milch,"milk, milt",noun,Ich trinke jeden Morgen Milch.,I drink milk every morning.
Die Muschel,"mussel, clam",noun,Am Strand habe ich eine schöne Muschel gefunden.,I found a beautiful shell on the beach.
Die Musik,music,noun,Musik macht mich glücklich.,Music makes me happy.
Die Mutter,"mother, nut",noun,Meine Mutter ist freundlich.,My mother is friendly.
Die Möwe,"gull, seagull",noun,Die Möwe fliegt über das Meer.,The gull flies over the sea.
Die Nacht,night,noun,Gute Nacht!,Good night!
Die Nase,"nose, nase",noun,Ich habe eine große Nase.,I have a big nose.
Die Natur,nature,noun,Die Natur ist schön.,Nature is beautiful.
Die Note,"note, grade",noun,Ich habe eine gute Note in Mathe bekommen.,I got a good grade in math.
Die Null,"zero, cipher",noun,Null ist die Mitte.,Zero is the middle.
Die Nummer,number,noun,Wie ist deine Nummer?,What is your number?
Die Nuss,"nut, hazelnut",noun,Die Nuss ist hart.,The nut is hard.
Die Orange,"orange, sweet orange",noun,Die Orange ist saftig und süß.,The orange is juicy and sweet.
Die Ordnung,"order, tidiness",noun,Alles ist in Ordnung.,Everything is in order.
Die Person,person,noun,Jede Person hat Rechte.,Every person has rights.
Die Pfeife,"pipe, whistle",noun,Er raucht eine Pfeife.,He smokes a pipe.
Die Pflanze,plant,noun,Die Pflanze braucht Wasser und Licht.,The plant needs water and light.
Die Prüfung,"exam, examination",noun,Ich habe morgen eine Prüfung.,I have an exam tomorrow.
Die Puppe,"pupa, puppet",noun,Das Kind spielt mit einer Puppe.,The child plays with a doll.
Die Quelle,"spring, source",noun,Die Quelle sprudelt im Wald.,The spring bubbles in the forest.
Die Rechnung,"bill, invoice",noun,Kann ich die Rechnung bitte haben?,"Can I have the bill, please?"
Die Regel,"rule, period",noun,Jede Regel muss beachtet werden.,Every rule must be observed.
Die Reihe,"series, row",noun,Die Bücher stehen in einer Reihe.,The books are in a row.
Die Reihenfolge,order,noun,Die Reihenfolge ist wichtig.,The order is important.
Die Revision,"change, appeal",noun,Die Revision ist notwendig.,The change is necessary.
Die Rinde,"bark, rind",noun,Die Rinde des Baumes ist rau.,The bark of the tree is rough.
Die Rolle,"role, pulley",noun,Sie hat eine wichtige Rolle.,She plays an important role.
Die Ruhe,"rest, tranquility",noun,Ich genieße die Ruhe am Morgen.,I enjoy the tranquility in the morning.
Die Rückseite,"back, reverse",noun,Die Rückseite ist leer.,The back is empty.
Die Sache,"thing, business",noun,Das ist eine wichtige Sache.,That is an important thing.
Die Sahne,"cream, whipped cream",noun,Die Sahne ist süß.,The cream is sweet.
Die Sau,"sow, pig",noun,Die Sau frisst im Stall.,The sow eats in the stable.
Die Schachtel,box,noun,Die Schachtel ist leer.,The box is empty.
Die Schale,"peel, skin",noun,Sie schält die Schale ab.,She removes the peel.
Die Schere,"claw, scissors",noun,Die Schere ist scharf.,The scissors are sharp.
Die Schicht,"layer, shift",noun,Die Torte hat drei Schichten Sahne.,The cake has three layers of cream.
Die Schlange,"snake, serpent",noun,Die Schlange schlängelt sich durch das Gras.,The snake slithers through the grass.
Die Schleife,"loop, bow",noun,Sie macht eine Schleife ins Band.,She makes a loop in the ribbon.
Die Schnecke,"snail, slug",noun,Die Schnecke kriecht langsam über den Weg.,The snail crawls slowly across the path.
Die Schrift,"script, typeface",noun,Die Schrift auf dem Schild ist groß.,The script on the sign is large.
Die Schuld,"debt, guilt",noun,Er hat Schulden.,He has debts.
Die Schule,"school, shoal",noun,Die Schule beginnt um acht Uhr.,School starts at eight o'clock.
Die Schweiz,Switzerland,noun,Die Schweiz ist ein schönes Land.,Switzerland is a beautiful country.
Die Schwester,"sister, nurse",noun,Meine Schwester ist jünger als ich.,My sister is younger than me.
Die Schönheit,"beauty, belle",noun,Die Schönheit der Natur ist beeindruckend.,The beauty of nature is impressive.
Die Seele,"soul, sound post",noun,Die Seele ist unsterblich.,The soul is immortal.
Die Seite,"side, page",noun,Das Auto steht auf der linken Seite.,The car is on the left side.
Die Sekunde,second,noun,Warte eine Sekunde.,Wait a second.
Die Sonne,"sun, Sun",noun,Die Sonne scheint.,The sun is shining.
Die Spalte,"column, crack",noun,Die Spalte in der Wand ist neu.,The crack in the wall is new.
Die Sprache,"language, speech",noun,Deutsch ist meine Muttersprache.,German is my native language.
Die Spur,"track, trace",noun,Die Spur führt ins Gebirge.,The track leads into the mountains.
Die Stadt,"city, town",noun,Berlin ist eine große Stadt.,Berlin is a big city.
Die Stelle,"job, place",noun,Ich suche eine neue Stelle.,I am looking for a new job.
Die Stellung,"position, function",noun,Er hat eine hohe Stellung in der Firma.,He has a high position in the company.
Die Stimme,"voice, vote",noun,Ihre Stimme klingt wunderschön.,Her voice sounds beautiful.
Die Straße,"street, road",noun,Die Kinder spielen auf der Straße.,The children are playing on the street.
Die Stunde,"hour, lesson",noun,Eine Stunde hat sechzig Minuten.,An hour has sixty minutes.
Die Säure,acid,noun,No examples available.,
Die Tafel,"blackboard, chalkboard",noun,Der Lehrer schreibt an die Tafel.,The teacher writes on the blackboard.
Die Tasche,"pocket, bag",noun,Meine Tasche ist schwer.,My bag is heavy.
Die Tasse,"cup, mug",noun,Ich trinke Kaffee aus der Tasse.,I drink coffee from the cup.
Die Taube,"pigeon, dove",noun,Die Taube fliegt weg.,The pigeon flies away.
Die Tochter,"daughter, girl",noun,Meine Tochter geht zur Schule.,My daughter goes to school.
Die Toilette,"lavatory, toilet",noun,Wo ist die Toilette?,Where is the toilet?
Die Träne,"tear, teardrop",noun,No examples available.,
Die Uhr,"clock, watch",noun,Es ist zehn Uhr.,It is ten o'clock.
Die Unterbrechung,"interruption, break",noun,Die Unterbrechung war kurz.,The interruption was short.
Die Unterlage,"base, pad",noun,Die Unterlage ist weich.,The pad is soft.
Die Unterstützung,support,noun,Danke für die Unterstützung.,Thank you for the support.
Die Verfügung,"order, disposition",noun,Die Verfügung ist rechtskräftig.,The order is legally binding.
Die Vergangenheit,"past, past tense",noun,Er spricht oft über seine Vergangenheit.,He often talks about his past.
Die Veränderung,"change, changing",noun,No examples available.,
Die Vorstellung,"idea, notion",noun,Ich habe eine Vorstellung von der Zukunft.,I have an idea of the future.
Die Wand,"wall, barrier",noun,Die Wand ist frisch gestrichen.,The wall is freshly painted.
Die Welle,"wave, shaft",noun,No examples available.,
Die Welt,"world, Earth",noun,Die Welt ist groß.,The world is big.
Die Woche,week,noun,Ich arbeite fünf Tage in der Woche.,I work five days a week.
Die Wolke,cloud,noun,Am Himmel ist eine große Wolke.,There is a big cloud in the sky.
Die Wurzel,"root, square root",noun,Die Wurzel der Pflanze ist lang.,The root of the plant is long.
Die Wüste,"desert, wasteland",noun,Die Wüste ist heiß und trocken.,The desert is hot and dry.
Die Zahl,"number, figure",noun,Die Zahl sieben ist meine Lieblingszahl.,The number seven is my favorite number.
Die Zeile,line,noun,Bitte schreibe eine Zeile.,Please write a line.
Die Zeit,"time, tide",noun,Ich habe keine Zeit.,I have no time.
Die Zelle,"cell, basic item",noun,Die Zelle ist klein.,The cell is small.
Die Ziege,"goat, bag",noun,Die Ziege klettert auf den Felsen.,The goat climbs the rock.
Die Zunge,tongue,noun,Die Zunge schmeckt süß.,The tongue tastes sweet.
Die Zwei,two,noun,Es gibt zwei Äpfel.,There are two apples.
Die Änderung,"change, alteration",noun,No examples available.,
Entschuldigung,"apology, excuse",other,"Entschuldigung, ich bin zu spät.","Sorry, I am late."
Hammer,"hammer, malleus",other,Mit dem Hammer schlägt er den Nagel ein.,He drives the nail in with the hammer.
Keks,"biscuit, cookie",other,Ich esse gern einen Keks zum Tee.,I like to eat a biscuit with tea.
Leute,"people, persons",other,Viele Leute sind auf der Straße.,Many people are on the street.
Mensch,"human, human being",other,Der Mensch ist neugierig.,The human is curious.
Mist,"dung, manure",other,Der Bauer bringt Mist auf das Feld.,The farmer spreads manure on the field.
Monat,month,other,Ein Monat hat 30 Tage.,A month has 30 days.
Sie,"you, she",pronoun,Wie heißen Sie?,What is your name? (formal you)
Waise,"orphan, orphan rhyme",other,Sie ist eine Waise.,She is an orphan.
abbauen,"mine, dismantle",verb,Sie bauen Kohle ab.,They mine coal.
abbiegen,"turn, bend",verb,An der Kreuzung musst du rechts abbiegen.,"At the intersection, you must turn right."
abbinden,"untie, undo",verb,Sie bindet das Seil ab.,She unties the rope.
abbrechen,"abort, stop",verb,Ich muss das Spiel abbrechen.,I have to abort the game.
aber,"but, again",conjunction,"Ich mag Kaffee, aber ich trinke lieber Tee.","I like coffee, but I prefer to drink tea."
abgehen,"leave, disappear",verb,No examples available.,
abheben,"withdraw, cut",verb,Ich muss Geld abheben.,I need to withdraw money.
abkommen,"descend, be descended",verb,Er kommt vom Weg ab.,He descends from the path.
abkühlen,cool,verb,Die Suppe muss abkühlen.,The soup needs to cool.
ablaufen,"expire, start",verb,Die Zeit läuft ab.,The time is expiring.
ablegen,"sail, put down",verb,Das Schiff legt ab.,The ship sets sail.
abnehmen,"decrease, take away",verb,Die Temperaturen werden abnehmen.,The temperatures will decrease.
abschließen,"end, lock",verb,Bitte die Tür abschließen.,Please lock the door.
abschreiben,"copy, plagiarize",verb,Sie schreibt die Antwort ab.,She copies the answer.
abtreiben,"abort, expel",verb,Sie treibt das Schiff ab.,She aborts the ship.
abzeichnen,"copy, draw",verb,Sie zeichnet das Bild ab.,She copies the picture.
acht,eight,other,Acht Kinder spielen im Garten.,Eight children are playing in the garden.
achten,"respect, watch",verb,Sie achtet ihre Eltern.,She respects her parents.
als,"than, when",other,Er ist größer als ich.,He is taller than me.
alt,"old, aged",other,Mein Großvater ist alt.,My grandfather is old.
amtlich,official,other,Das ist eine amtliche Mitteilung.,That is an official notice.
an,"on, to",preposition,Das Bild hängt an der Wand.,The picture hangs on the wall.
anderer,"other, different",other,Ich habe einen anderen Plan.,I have another plan.
anders,"different, distinct",other,Heute ist das Wetter anders.,The weather is different today.
anführen,lead,verb,Er wird die Gruppe anführen.,He will lead the group.
angehen,"concern, tackle",verb,Das geht mich nichts an.,That does not concern me.
angreifen,"attack, affect",verb,Der Löwe greift an.,The lion attacks.
anhalten,"stop, last",verb,Der Bus muss an der Haltestelle anhalten.,The bus has to stop at the bus stop.
anlassen,"temper, start",verb,Er lässt das Auto an.,He starts the car.
anläuten,"give a ring, give a call",verb,No examples available.,
anmachen,"turn on, switch on",verb,Kannst du das Licht anmachen?,Can you turn on the light?
annehmen,"assume, accept",verb,Ich nehme das Geschenk an.,I accept the gift.
anordnen,order,verb,Ich ordne die Bücher an.,I order the books.
anrufen,"call, ring",verb,Ich werde dich morgen anrufen.,I will call you tomorrow.
anschaulich,"clear, graphic",other,Die Erklärung ist anschaulich.,The explanation is clear.
ansehen,"watch, look at",verb,Sie sehen sich die Nachrichten an.,They are watching the news.
anstecken,"infect, contract",verb,Er kann mich mit der Grippe anstecken.,He can infect me with the flu.
antelefonieren,"ring, call",verb,Ich werde morgen antelefonieren.,I will call tomorrow.
anziehen,"attract, put on",verb,Blumen ziehen Bienen an.,Flowers attract bees.
arbeiten,"work, function",verb,Ich arbeite im Büro.,I work in the office.
arm,"poor, needy",other,"Er ist arm, aber glücklich.",He is poor but happy.
auf,"on, open",preposition,Das Buch liegt auf dem Tisch.,The book is on the table.
aufbrechen,"set off, break open",verb,Wir brechen morgen früh auf.,We set off early tomorrow.
aufgehen,"rise, open",verb,Die Sonne geht am Morgen auf.,The sun rises in the morning.
aufhalten,"stay, stop",verb,Ich möchte nicht länger hier aufhalten.,I don't want to stay here any longer.
aufhören,"stop, cease",verb,Kannst du bitte aufhören?,Can you please stop?
aufmachen,"open, make for a place",verb,Sie macht die Tür auf.,She opens the door.
aufnehmen,"record, absorb",verb,Ich nehme das Gespräch auf.,I record the conversation.
aufschlagen,open,verb,No examples available.,
aufstellen,"post, train",verb,Wir stellen das Zelt auf.,We set up the tent.
auftauchen,"emerge, show",verb,Ein Fisch taucht aus dem Wasser auf.,A fish emerges from the water.
auftreten,"appear, perform",verb,Er tritt heute als Sänger auf.,He is performing as a singer today.
aufziehen,"raise, tease",verb,Sie zieht ihre Kinder allein auf.,She raises her children alone.
augenblicklich,"now, present",other,Komm augenblicklich hierher!,Come here now!
auseinanderbrechen,"break, break up",verb,Das Glas kann auseinanderbrechen.,The glass can break.
aushalten,"bear, endure",verb,Ich kann den Lärm nicht aushalten.,I can't bear the noise.
auslassen,"omit, leave out",verb,Sie lässt das Wort aus.,She omits the word.
ausmachen,"constitute, put out",verb,Kannst du das Licht ausmachen?,Can you turn off the light?
ausruhen,rest,verb,Nach der Arbeit ruhe ich mich aus.,"After work, I rest."
aussetzen,"expose, suspend",verb,Sie setzt die Pflanze der Sonne aus.,She exposes the plant to the sun.
ausstehen,"bear, stand",verb,Ich kann das nicht ausstehen.,I can't bear that.
ausziehen,"undress, take off",verb,Ich muss meine Jacke ausziehen.,I have to take off my jacket.
bedecken,"cover, bespread",verb,Sie bedeckt den Tisch mit einem Tuch.,She covers the table with a cloth.
bedeuten,"mean, signify",verb,Was bedeutet dieses Wort?,What does this word mean?
befreien,"free, liberate",verb,Sie befreien den Vogel aus dem Käfig.,They free the bird from the cage.
beherrschen,"master, dominate",verb,Er beherrscht die Sprache.,He masters the language.
bei,"by, near",preposition,Ich wohne bei meinen Eltern.,I live with my parents.
beißen,"bite, burn",verb,No examples available.,
bekommen,"get, receive",verb,Ich bekomme ein Geschenk.,I get a present.
belegen,"occupy, prove",verb,Der Tisch ist schon belegt.,The table is already occupied.
benennen,"name, mention",verb,Kannst du die Farben benennen?,Can you name the colors?
berechnen,"calculate, charge",verb,Er berechnet das Ergebnis.,He calculates the result.
bergen,"salvage, save",verb,Sie bergen das Schiffswrack.,They salvage the shipwreck.
besoffen,"drunk, drunken",verb,Er ist total besoffen.,He is completely drunk.
bestehen,"insist, consist",verb,Ich bestehe auf meiner Meinung.,I insist on my opinion.
bestellen,"order, convey",verb,Ich möchte eine Pizza bestellen.,I want to order a pizza.
betrügen,"deceive, cheat",verb,Er betrügt seine Frau.,He deceives his wife.
bewegen,"move, induce",verb,Ich kann meinen Arm nicht bewegen.,I can't move my arm.
bezahlen,pay,verb,Ich muss die Rechnung bezahlen.,I have to pay the bill.
biegen,"bend, turn",verb,Er biegt das Metall.,He bends the metal.
bis,"until, to",other,Ich warte bis acht Uhr.,I wait until eight o'clock.
blau,"blue, drunk",other,Der Himmel ist blau.,The sky is blue.
bleiben,"stay, remain",verb,Ich möchte zu Hause bleiben.,I want to stay at home.
bloß,"just, bare",other,No examples available.,
brauchen,"need, use",verb,Ich brauche Hilfe.,I need help.
braun,"brown, swarthy",other,Der Hund ist braun.,The dog is brown.
brechen,"break, refract",verb,Ich kann das Brot brechen.,I can break the bread.
breit,"wide, broad",other,Die Straße ist sehr breit.,The street is very wide.
brennen,"burn, be",verb,Das Feuer brennt hell.,The fire burns brightly.
buchen,"book, reserve",verb,Sie bucht ein Hotel.,She books a hotel.
böse,"evil, bad",other,Der Wolf ist böse.,The wolf is evil.
chinesisch,"Chinese, double Dutch",other,No examples available.,
da,"there, since",other,Ich bin gleich da.,I am there soon.
danke,"thank you, thanks",other,Danke für deine Hilfe.,Thank you for your help.
dass,"that, so",conjunction,"Ich weiß, dass du kommst.",I know that you are coming.
decken,"cover, lay",verb,Ich decke den Tisch.,I set the table.
denken,think,verb,Ich muss über die Antwort denken.,I have to think about the answer.
deutlich,"clear, distinct",other,Bitte sprechen Sie deutlich.,Please speak clearly.
deutsch,German,other,Ich spreche Deutsch.,I speak German.
dich,"you, yourself",pronoun,Ich sehe dich morgen.,I will see you tomorrow.
dicht,"thick, dense",other,Der Nebel ist heute sehr dicht.,The fog is very dense today.
dick,"thick, fat",other,Das Buch ist sehr dick.,The book is very thick.
doch,"yes, yet",conjunction,Kommst du nicht? Doch!,"Aren't you coming? Yes, I am!"
drei,three,other,Ich habe drei Bücher.,I have three books.
du,"you, thou",pronoun,No examples available.,
dunkel,"dark, grave",other,Es ist dunkel im Raum.,It is dark in the room.
durch,"through, by",preposition,Wir gehen durch den Park.,We walk through the park.
durchgehen,"go through, pass",verb,Wir gehen durch den Wald.,We go through the forest.
dünn,"thin, weak",other,Das Papier ist dünn.,The paper is thin.
eben,"even, exactly",verb,Der Boden ist ganz eben.,The ground is completely even.
egal,"all the same, level",other,Das ist mir egal.,It's all the same to me.
ehrlich,"honest, real",other,Sei bitte ehrlich zu mir.,Please be honest with me.
ein,"one, a",article,Ich habe ein Buch.,I have a book.
einfach,"simple, easy",other,Die Aufgabe ist einfach.,The task is simple.
eingeben,"administer, inspire",verb,Er gibt die Daten ein.,He enters the data.
eingehen,"die, go into",verb,Die Pflanze geht ein.,The plant dies.
einige,"some, several",other,Einige Leute sind schon da.,Some people are already here.
einnehmen,"capture, occupy",verb,Die Armee will die Stadt einnehmen.,The army wants to capture the city.
eins,one,other,Ich habe nur eins.,I have only one.
einschlagen,"wrap up, hit",verb,Er schlägt das Geschenk ein.,He wraps up the gift.
einsetzen,"appoint, commence",verb,Sie setzt sich für andere ein.,She stands up for others.
eintreten,"enter, occur",verb,Sie tritt ins Zimmer ein.,She enters the room.
eiskalt,"ice-cold, freezing",other,Das Wasser ist eiskalt.,The water is ice-cold.
empfehlen,"recommend, advise",verb,Kannst du mir ein Buch empfehlen?,Can you recommend a book to me?
eng,"narrow, tight",other,Die Straße ist sehr eng.,The street is very narrow.
englisch,"English, angelic",other,Ich spreche Englisch.,I speak English.
er,"he, it",pronoun,Er ist mein Bruder.,He is my brother.
erbrechen,"vomit, break",verb,"Ihm ist schlecht, er muss erbrechen.",He feels sick and has to vomit.
erfahren,"experienced, experience",verb,Sie ist eine erfahrene Lehrerin.,She is an experienced teacher.
erfassen,"record, grasp",verb,Sie erfasst die Daten.,She records the data.
erneuern,"renew, change",verb,Sie erneuert den Vertrag.,She renews the contract.
ernähren,"feed, keep",verb,No examples available.,
erreichen,"reach, achieve",verb,Ich möchte mein Ziel erreichen.,I want to achieve my goal.
erst,"only, first",other,Das ist erst der Anfang.,That is only the beginning.
erwischen,"catch, grab",verb,Er erwischte den Ball.,He caught the ball.
essen,eat,verb,Ich möchte etwas essen.,I want to eat something.
etwa,"about, for example",other,Es dauert etwa eine Stunde.,It takes about an hour.
etwas,"something, anything",other,Ich habe etwas für dich.,I have something for you.
euch,you,pronoun,No examples available.,
fahren,"drive, go",verb,Ich fahre mit dem Auto.,I drive by car.
fallen,"fall, drop",verb,Die Blätter fallen im Herbst.,The leaves fall in autumn.
falsch,"false, fake",other,Das ist falsch.,That is wrong.
fangen,"catch, capture",verb,Er fängt den Ball.,He catches the ball.
fassen,"capture, take",verb,Die Polizei konnte den Dieb fassen.,The police were able to capture the thief.
fein,"fine, delicate",other,Das ist feiner Sand.,That is fine sand.
fest,"solid, fixed",other,Der Tisch steht fest.,The table stands solid.
festsetzen,"fix, determine",verb,Wir müssen einen Termin festsetzen.,We have to fix a date.
fett,"fat, bold",other,Die Milch ist sehr fett.,The milk is very fat.
feuern,fire,verb,Der Chef will ihn feuern.,The boss wants to fire him.
finden,"find, think",verb,Ich kann meine Schlüssel nicht finden.,I can't find my keys.
fliegen,"fly, aviate",verb,Die Vögel fliegen am Himmel.,The birds are flying in the sky.
folgen,"follow, ensue",verb,Sie folgt ihm.,She follows him.
französisch,"French, oral",other,Sie spricht französisch.,She speaks French.
frei,"free, single",other,Ich habe heute frei.,I have a day off today.
fressen,"eat, gorge",verb,No examples available.,
führen,"lead, bring",verb,Er führt die Gruppe.,He leads the group.
fünf,five,other,Ich habe fünf Freunde.,I have five friends.
für,for,preposition,Das Geschenk ist für dich.,The present is for you.
fürchten,"fear, afraid",verb,Viele Menschen fürchten sich vor Spinnen.,Many people are afraid of spiders.
ganz,"entire, intact",other,Ich habe das ganze Buch gelesen.,I read the entire book.
geben,"give, be",verb,Kannst du mir das Buch geben?,Can you give me the book?
gegenwärtig,"present, current",other,No examples available.,
gehen,"go, walk",verb,Ich gehe zur Schule.,I go to school.
gelb,yellow,other,Die Sonne ist gelb.,The sun is yellow.
gell,"right, isn't it",other,"Das ist deins, gell?","That is yours, right?"
gemein,"mean, common",other,Warum bist du so gemein zu mir?,Why are you so mean to me?
gerade,"even, straight",other,Die Straße ist gerade.,The street is straight.
gestern,yesterday,verb,Gestern war ein schöner Tag.,Yesterday was a beautiful day.
gewaltig,"powerful, immense",other,Das war ein gewaltiger Sturm.,That was a powerful storm.
gewinnen,"win, gain",verb,Wir wollen das Spiel gewinnen.,We want to win the game.
gießen,"pour, cast",verb,No examples available.,
gleich,"equal, soon",other,Alle Menschen sind gleich.,All people are equal.
griechisch,Greek,other,Er lernt griechisch.,He is learning Greek.
groß,"big, large",other,Der Elefant ist sehr groß.,The elephant is very big.
grün,"green, vert",other,Das Gras ist grün.,The grass is green.
gründen,"found, base",verb,Sie gründet ein Unternehmen.,She founds a company.
gucken,"look, watch",verb,"Guck mal, das ist interessant.","Look, that is interesting."
gut,"good, well",other,Mir geht es gut.,I am well.
haben,"have, have got",verb,Ich habe einen Hund.,I have a dog.
hallo,"hello, hi",other,"Hallo, wie geht's?","Hello, how are you?"
halten,"hold, keep",verb,Kannst du das bitte halten?,"Can you hold this, please?"
handeln,"act, trade",verb,Wir müssen jetzt handeln.,We have to act now.
hart,"hard, rigid",other,Der Stein ist hart.,The stone is hard.
haschen,"hashish, tag",verb,Die Kinder spielen haschen.,The children play tag.
heiter,"cheerful, jocular",other,Das Wetter ist heute heiter.,The weather is cheerful today.
heiß,"hot, in heat",other,Der Kaffee ist sehr heiß.,The coffee is very hot.
heißen,"be called, say",verb,Wie heißt du?,What are you called?
helfen,"help, aid",verb,Kannst du mir helfen?,Can you help me?
hell,"bright, light",other,Das Zimmer ist hell.,The room is bright.
heute,"today, nowadays",other,Heute ist das Wetter schön.,The weather is nice today.
hier,here,other,Ich bin hier.,I am here.
hinnehmen,take,verb,Er muss die Niederlage hinnehmen.,He has to take the defeat.
historisch,"historic, ancient",other,Das ist ein historisches Gebäude.,This is a historic building.
hoch,"high, tall",other,Der Turm ist sehr hoch.,The tower is very tall.
hundert,hundred,other,Hundert Menschen sind da.,A hundred people are there.
hängen,"hang, be fond of",verb,Das Bild hängt an der Wand.,The picture hangs on the wall.
hören,"hear, listen",verb,Ich höre Musik.,I listen to music.
ich,"I, me",pronoun,Ich gehe zur Schule.,I go to school.
ie Führung,"lead, guided tour",other,Wir machen eine Führung im Museum.,We are taking a guided tour in the museum.
ihr,"you, their",pronoun,Ihr könnt jetzt gehen.,You can go now.
in,"in, into",preposition,Ich bin in der Schule.,I am in the school.
indem,"as, meanwhile",other,"Indem du lernst, verbesserst du dich.","As you learn, you improve."
ja,"yes, aye",other,"Ja, ich komme mit.","Yes, I am coming along."
jener,"that, those",other,Jener Mann ist mein Freund.,That man is my friend.
jetzt,"now, right now",other,Ich mache es jetzt.,I am doing it now.
kalt,"cold, chilly",other,Im Winter ist es sehr kalt.,It is very cold in winter.
kaputt,"broken, out of order",other,Mein Handy ist kaputt.,My phone is broken.
karg,"barren, sparse",other,No examples available.,
kein,"no, none",other,Ich habe kein Geld.,I have no money.
kennen,know,verb,Ich kenne ihn gut.,I know him well.
klappen,"work, fold",verb,Alles hat gut geklappt.,Everything worked out well.
klar,"clear, lucid",other,Das Wasser ist klar.,The water is clear.
kleben,"glue, stick",verb,Er klebt das Papier.,He glues the paper.
klein,"small, little",other,Der Hund ist klein.,The dog is small.
klingen,"sound, ring",verb,Das Lied klingt schön.,The song sounds beautiful.
knapp,"scant, succinct",other,Die Zeit ist knapp.,Time is scant.
kochen,"cook, boil",verb,Ich koche heute Abend.,I am cooking tonight.
kommen,"come, arrive",verb,Wann kommst du nach Hause?,When are you coming home?
kostenlos,"free, gratuitous",other,Die Probe ist kostenlos.,The sample is free.
kreuzen,"cross, hybridize",verb,Sie kreuzt die Straße.,She crosses the street.
kriegen,"wage war, get",verb,Ich kriege ein Geschenk.,I get a present.
kräftig,"strong, enormous",other,No examples available.,
kurz,"short, brief",other,Der Film war sehr kurz.,The movie was very short.
kämpfen,"fight, struggle",verb,No examples available.,
können,"can, be able to",verb,Ich kann schwimmen.,I can swim.
köpfen,"decapitate, behead",verb,Der Henker köpft den Verurteilten.,The executioner beheads the condemned.
küssen,kiss,verb,Sie küssen sich.,They kiss each other.
laden,"load, charge",verb,No examples available.,
lang,long,other,Die Straße ist lang.,The street is long.
lassen,"let, leave",verb,Lass mich in Ruhe.,Leave me alone.
lateinisch,"Latin, Roman",other,Sie spricht lateinisch.,She speaks Latin.
laufen,"run, walk",verb,Ich laufe jeden Morgen.,I run every morning.
leben,live,verb,Ich lebe in Deutschland.,I live in Germany.
leicht,"light, easy",other,Die Aufgabe ist leicht.,The task is easy.
leise,"faint, quiet",other,Bitte sei leise.,Please be quiet.
leiten,"lead, conduct",verb,Sie leitet das Team.,She leads the team.
lesen,"read, pick",verb,Ich lese ein Buch.,I am reading a book.
lieben,"love, have sex",verb,Ich liebe meine Familie.,I love my family.
liefern,"deliver, supply",verb,Wir liefern die Ware morgen.,We will deliver the goods tomorrow.
liegen,"lie, be",verb,Das Buch liegt auf dem Tisch.,The book lies on the table.
lose,"loose, slack",other,Der Knoten ist lose.,The knot is loose.
losgehen,"leave, start",verb,Wann gehen wir los?,When do we leave?
lustig,"funny, happy",other,Der Film war sehr lustig.,The movie was very funny.
lüften,"air, reveal",verb,Ich muss das Zimmer lüften.,I need to air the room.
lügen,lie,verb,Er lügt oft.,He lies often.
machen,"make, do",verb,Ich mache meine Hausaufgaben.,I do my homework.
malen,"paint, colour",verb,Das Kind malt ein Bild.,The child is painting a picture.
man,"one, you",other,Man soll freundlich sein.,One should be friendly.
meinen,"mean, think",verb,Was meinst du damit?,What do you mean by that?
mies,"bad, lousy",other,Das Wetter ist heute mies.,The weather is bad today.
mit,"with, against",preposition,Ich gehe mit meinem Freund ins Kino.,I go to the cinema with my friend.
morgen,tomorrow,verb,Morgen ist Samstag.,Tomorrow is Saturday.
mächtig,"powerful, mighty",other,No examples available.,
männlich,"male, masculine",other,Das Baby ist männlich.,The baby is male.
nach,"after, to",preposition,Nach dem Essen gehen wir spazieren.,"After eating, we go for a walk."
nackt,"naked, nude",other,Das Baby ist nackt.,The baby is naked.
nahe,"near, nearby",other,Das Haus ist nahe.,The house is near.
nass,wet,other,Das T,Shirt ist nass. - The T-shirt is wet.
natürlich,"natural, naturally",other,Das ist ganz natürlich.,That is completely natural.
nehmen,"take, have",verb,Kann ich das nehmen?,Can I take this?
nein,"no, nope",other,"Nein, das ist nicht richtig.","No, that is not correct."
nennen,"call, name",verb,Wie nennt man dieses Tier?,What do you call this animal?
neu,"new, novel",other,Mein Auto ist neu.,My car is new.
neun,"nine, o'clock",other,Ich habe neun Bücher.,I have nine books.
nicht,not,other,Ich weiß es nicht.,I do not know.
noch,"still, yet",other,Ich bin noch nicht fertig.,I am not finished yet.
nun,now,other,Nun ist es Zeit zu gehen.,Now it is time to go.
nur,"only, just",other,Ich habe nur einen Euro.,I only have one euro.
offen,open,verb,Das Fenster ist offen.,The window is open.
orange,"orange, orangey",other,Die Orange ist süß.,The orange is sweet.
passen,"fit, pass",verb,Die Schuhe passen mir.,The shoes fit me.
passieren,"happen, pass",verb,Was ist passiert?,What happened?
platt,"flat, bromidic",other,Das Land ist platt.,The land is flat.
prüfen,"check, examine",verb,Sie prüft die Antworten.,She checks the answers.
rauchen,smoke,verb,Rauchen ist ungesund.,Smoking is unhealthy.
recht,right,other,Du hast recht.,You are right.
rechts,"right, dexter",other,Biege rechts ab.,Turn right.
regnen,rain,verb,Es beginnt zu regnen.,It starts to rain.
reichen,"be enough, stretch",verb,Das Geld muss für den Monat reichen.,The money has to be enough for the month.
rein,"pure, clean",other,Das Wasser ist rein.,The water is pure.
reißen,"pull, tear",verb,No examples available.,
retten,"save, rescue",verb,Er rettet das Kind.,He saves the child.
richten,"straighten, judge",verb,Sie richtet das Bild.,She straightens the picture.
richtig,"correct, right",other,Das ist die richtige Antwort.,That is the correct answer.
riechen,"smell, reek",verb,Die Blumen riechen gut.,The flowers smell good.
rot,"red, gules",other,Der Apfel ist rot.,The apple is red.
rufen,"call, shout",verb,Sie ruft nach Hilfe.,She calls for help.
ruhig,"quiet, still",other,Sei bitte ruhig.,Please be quiet.
rund,"round, rotund",other,Der Tisch ist rund.,The table is round.
russisch,Russian,other,Er spricht russisch.,He speaks Russian.
rühren,"move, stir",verb,Sie rührt den Teig.,She stirs the dough.
sagen,"say, tell",verb,Was möchtest du sagen?,What do you want to say?
satt,"full, satiated",other,Ich bin satt.,I am full.
sauer,"sour, acid",other,Die Zitrone ist sauer.,The lemon is sour.
saufen,"drink, booze",verb,Er sauft Bier.,He drinks beer.
schalten,"change, shift",verb,Er schaltet den Fernseher ein.,He turns on the television.
scharf,"sharp, spicy",other,Das Messer ist scharf.,The knife is sharp.
schauen,"look, gaze",verb,Schau mal!,Look!
schelten,"scold, complain",verb,Sie schilt das Kind.,She scolds the child.
schenken,"donate, give",verb,Er schenkt ihr ein Buch.,He gives her a book.
schimpfen,"scold, curse",verb,Die Mutter schimpft mit dem Kind.,The mother scolds the child.
schlafen,"sleep, stay at someones place",verb,Ich möchte schlafen.,I want to sleep.
schlecht,"bad, evil",other,Das Wetter ist schlecht.,The weather is bad.
schließen,"close, shut",verb,Kannst du bitte das Fenster schließen?,Can you please close the window?
schlimm,"bad, serious",other,Das Wetter ist schlimm.,The weather is bad.
schmeißen,"throw, deal",verb,No examples available.,
schmutzig,"dirty, filthy",other,Die Kleidung ist schmutzig.,The clothes are dirty.
schneiden,"cut, tap",verb,Kannst du das Brot schneiden?,Can you cut the bread?
schnell,"fast, quick",other,Das Auto ist schnell.,The car is fast.
schreiben,"write, store",verb,Ich schreibe einen Brief.,I am writing a letter.
schreien,"shout, scream",verb,Das Kind schreit laut.,The child shouts loudly.
schräg,"oblique, aslant",other,No examples available.,
schwarz,"black, sable",other,Die Katze ist schwarz.,The cat is black.
schwer,"heavy, difficult",other,Der Koffer ist schwer.,The suitcase is heavy.
schwimmen,"swim, float",verb,Ich kann schwimmen.,I can swim.
schön,"beautiful, nice",other,Das Wetter ist schön.,The weather is beautiful.
schöpfen,"scoop, create",verb,Sie schöpft Wasser aus dem Brunnen.,She scoops water from the well.
sechs,six,other,Ich habe sechs Äpfel.,I have six apples.
sehen,"see, look",verb,Ich sehe einen Vogel.,I see a bird.
sehr,"very, much",other,Ich bin sehr müde.,I am very tired.
sein,"be, his",other,Ich will Arzt sein.,I want to be a doctor.
selten,"seldom, rarely",verb,Ich gehe selten ins Kino.,I rarely go to the cinema.
setzen,"sit, seat",verb,Bitte setzen Sie sich.,Please sit down.
sicher,"safe, sure",other,Hier bist du sicher.,You are safe here.
sie,"they, she",pronoun,Sie ist meine Schwester.,She is my sister.
sieben,"seven, sift",verb,Ich habe sieben Freunde.,I have seven friends.
sitzen,"sit, fit",verb,Ich sitze auf dem Stuhl.,I am sitting on the chair.
so,"so, as",other,Mach das so!,Do it like this!
spanisch,Spanish,other,No examples available.,
spielen,play,verb,Die Kinder spielen im Garten.,The children play in the garden.
sprechen,"speak, talk",verb,Kannst du Deutsch sprechen?,Can you speak German?
springen,"jump, leap",verb,Das Kind springt ins Wasser.,The child jumps into the water.
stammen,"come, originate",verb,Er stammt aus Deutschland.,He comes from Germany.
stark,"strong, powerful",other,Er ist sehr stark.,He is very strong.
stehen,"stand, suit",verb,Ich stehe an der Tür.,I am standing at the door.
steigen,"climb, rise",verb,Sie steigt auf den Berg.,She climbs the mountain.
stellen,"put, place",verb,Stell die Tasse auf den Tisch.,Put the cup on the table.
steuern,"control, steer",verb,Er kann das Auto gut steuern.,He can control the car well.
still,"quiet, silent",other,Bitte sei still.,Please be quiet.
streichen,"paint, stroke",verb,Er streicht die Wand.,He paints the wall.
streiten,"argue, fight",verb,Die Geschwister streiten oft.,The siblings often argue.
streng,"strict, hard",other,Mein Lehrer ist sehr streng.,My teacher is very strict.
stürzen,"overthrow, fall",verb,Der König wurde gestürzt.,The king was overthrown.
süß,"sweet, cute",other,Das Baby ist sehr süß.,The baby is very cute.
tauschen,"exchange, change",verb,Möchtest du Plätze tauschen?,Do you want to exchange seats?
teilen,"divide, share",verb,Wir teilen den Kuchen.,We share the cake.
tief,"deep, profound",other,Der See ist sehr tief.,The lake is very deep.
toll,"cool, crazy",other,Das Konzert war toll!,The concert was cool!
transportieren,"transport, move",verb,LKWs transportieren Waren über lange Strecken.,Trucks transport goods over long distances.
traurig,"sad, unhappy",other,Sie ist heute sehr traurig.,She is very sad today.
treffen,"meet, hit",verb,Wir treffen uns um acht Uhr.,We meet at eight o'clock.
treiben,"drive, float",verb,Er treibt das Auto.,He drives the car.
trinken,drink,verb,Ich trinke Wasser.,I drink water.
trocken,dry,verb,Die Wäsche ist trocken.,The laundry is dry.
tschüs,"goodbye, bye",other,Tschüs! Bis morgen!,Goodbye! See you tomorrow!
tun,"do, put",other,Was soll ich tun?,What should I do?
töten,kill,verb,"Jagen bedeutet oft, ein Tier zu töten.",Hunting often means to kill an animal.
um,"at, around",preposition,Wir treffen uns um acht Uhr.,We meet at eight o'clock.
umbringen,"kill, commit suicide",verb,Er will ihn umbringen.,He wants to kill him.
umziehen,"move, surround",verb,Wir müssen nächste Woche umziehen.,We have to move next week.
und,and,conjunction,Ich habe einen Hund und eine Katze.,I have a dog and a cat.
ungefähr,"approximately, about",other,No examples available.,
unterhalten,"entertain, talk",verb,Wir unterhalten uns über das Wetter.,We are talking about the weather.
unterschiedlich,"different, differing",other,Die Meinungen sind unterschiedlich.,The opinions are different.
unterstützen,support,verb,Wir unterstützen dich.,We support you.
verabschieden,"pass, adopt",verb,Das Gesetz wurde verabschiedet.,The law was passed.
verarbeiten,"process, convert",verb,Sie verarbeitet die Daten.,She processes the data.
vergehen,"pass, die",verb,Die Zeit vergeht schnell.,Time passes quickly.
verhalten,"behave, restrained",verb,Bitte verhalte dich ruhig.,Please behave calmly.
verlassen,"leave, abandon",verb,Ich muss das Haus früh verlassen.,I have to leave the house early.
verlaufen,"get lost, stray",verb,Wir haben uns im Wald verlaufen.,We got lost in the forest.
verlegen,"publish, mislay",verb,Er verlegt ein Buch.,He publishes a book.
verlieren,"lose, relinquish",verb,Ich habe meinen Schlüssel verloren.,I lost my key.
verschieben,"move, postpone",verb,Wir müssen das Treffen verschieben.,We have to postpone the meeting.
verschwinden,"disappear, vanish",verb,Die Sonne verschwindet hinter den Wolken.,The sun disappears behind the clouds.
verstehen,"understand, comprehend",verb,Ich verstehe die Frage.,I understand the question.
verstummen,"hush, stop",verb,Sie verstummt plötzlich.,She hushes suddenly.
verändern,change,verb,No examples available.,
vier,four,other,Ich habe vier Äpfel.,I have four apples.
voll,"full, sozzled",other,Das Glas ist voll.,The glass is full.
vollständig,"complete, entirely",other,No examples available.,
von,"from, of",preposition,Das Geschenk ist von Maria.,The gift is from Maria.
vor,"in front of, before",preposition,Das Auto steht vor dem Haus.,The car is in front of the house.
vorstellen,"present, imagine",verb,Kannst du dir das vorstellen?,Can you imagine that?
wachsen,"grow, wax",verb,Die Pflanze wächst schnell.,The plant grows quickly.
wann,when,other,"Weißt du, wann er kommt?",Do you know when he is coming?
was,"what, that",other,Was machst du?,What are you doing?
wechseln,"change, exchange",verb,Ich muss das Geld wechseln.,I need to exchange money.
weggehen,"leave, disappear",verb,Ich muss jetzt weggehen.,I have to leave now.
weiblich,"feminine, female",other,Die Katze ist weiblich.,The cat is female.
weil,"because, since",conjunction,"Ich bleibe zu Hause, weil es regnet.",I stay at home because it is raining.
weit,"wide, vast",other,Das Feld ist sehr weit.,The field is very vast.
weiß,"white, Caucasian",other,Der Schnee ist weiß.,The snow is white.
wenden,"address, turn",verb,Sie wendet sich an den Lehrer.,She addresses the teacher.
wenig,"little, not much",other,Ich habe wenig Zeit.,I have little time.
wenn,"if, when",conjunction,"Wenn es regnet, bleiben wir zu Hause.","If it rains, we stay at home."
wer,"who, somebody",other,Wer ist das?,Who is that?
werden,"become, get",verb,Er will Arzt werden.,He wants to become a doctor.
weshalb,"why, so",other,No examples available.,
wickeln,"wind, wrap",verb,Sie wickelt das Baby.,She wraps the baby.
wie,"how, like",other,Wie geht es dir?,How are you?
willkommen,welcome,verb,Herzlich willkommen!,A warm welcome!
winden,"wind, be windy",verb,Er windet sich aus der Umarmung.,He winds himself out of the embrace.
wirken,"act, operate",verb,Die Medizin wirkt schnell.,The medicine acts quickly.
wirklich,"real, really",other,Ist das wirklich wahr?,Is that really true?
wissen,know,verb,Ich weiß die Antwort.,I know the answer.
wo,"where, if",other,Wo bist du?,Where are you?
wollen,"want, wish",verb,Ich will ein Eis.,I want an ice cream.
wüst,"wild, severe",other,Das Wetter ist wüst.,The weather is severe.
zehn,ten,other,Ich habe zehn Euro.,I have ten euros.
zeichnen,"draw, pencil",verb,Das Kind zeichnet ein Haus.,The child draws a house.
zeigen,"show, point",verb,Kannst du mir den Weg zeigen?,Can you show me the way?
zerbrechen,break,verb,No examples available.,
zerlegen,"dismantle, analyze",verb,Er zerlegt das Fahrrad.,He dismantles the bicycle.
zerschlagen,break,verb,Er zerschlägt das Glas.,He breaks the glass.
ziehen,"pull, draw",verb,Zieh bitte die Tür zu.,Please pull the door shut.
zischen,"hiss, fizz",verb,Die Katze zischt.,The cat hisses.
zocken,"gamble, play",verb,Er zockt gerne im Casino.,He likes to gamble in the casino.
zu,"too, to",preposition,Das ist zu schwer.,That is too difficult.
zumachen,"close, shut",verb,Bitte mach die Tür zu.,Please close the door.
zurück,back,other,Ich komme gleich zurück.,I'll be right back.
zwei,"two, two year old",other,Ich habe zwei Schwestern.,I have two sisters.
zweite,second,other,Das ist die zweite Straße links.,That is the second street on the left.
ändern,"change, alter",verb,Ich möchte meine Adresse ändern.,I want to change my address.
öffnen,"open, turn on",verb,Kannst du das Fenster öffnen?,Can you open the window?
übel,"unpleasant, bad",other,Mir ist übel.,I feel sick.
über,"over, above",preposition,Der Vogel fliegt über das Haus.,The bird flies over the house.
überlassen,"abandon, leave",verb,Er überlässt das Auto seinem Bruder.,He leaves the car to his brother.
